Metric,Value
Accuracy,0.5067024128686327
F1 Score,0.5029393443083549
