Metric,Value
Accuracy,0.5027472527472527
F1 Score,0.5026377215507898
