"","ID","Description","GeneRatio","BgRatio","RichFactor","FoldEnrichment","zScore","pvalue","p.adjust","qvalue","geneID","Count"
"GO:0050684","GO:0050684","regulation of mRNA processing","5/19","63/2629",0.0793650793650794,10.9816207184628,6.84088420908001,6.04499902129195e-05,0.0378441674158363,0.0316275782371247,"Malat1/Rbm39/Son/Zfp36l1/Hnrnpa2b1",5
"GO:0001774","GO:0001774","microglial cell activation","3/19","14/2629",0.214285714285714,29.6503759398496,9.16912141305143,0.000110871584226083,0.0378441674158363,0.0316275782371247,"Cx3cr1/Csf1r/Grn",3
"GO:0002269","GO:0002269","leukocyte activation involved in inflammatory response","3/19","14/2629",0.214285714285714,29.6503759398496,9.16912141305143,0.000110871584226083,0.0378441674158363,0.0316275782371247,"Cx3cr1/Csf1r/Grn",3
"GO:0061900","GO:0061900","glial cell activation","3/19","16/2629",0.1875,25.9440789473684,8.53742666305758,0.000169016398034372,0.0432681978967991,0.036160613579459,"Cx3cr1/Csf1r/Grn",3
